params,average_precision,roc_auc,f1,precision,recall,accuracy
"{'learning_rate': 0.1, 'max_iter': 400, 'max_leaf_nodes': 31, 'min_samples_leaf': 20, 'l2_regularization': 2.0, 'class_weight': 'balanced'}",0.10816852879720124,0.65515152375813,0.1690229343386742,0.1115257048092869,0.34889753566796367,0.8172206481929376
"{'learning_rate': 0.1, 'max_iter': 600, 'max_leaf_nodes': 31, 'min_samples_leaf': 20, 'l2_regularization': 2.0, 'class_weight': 'balanced'}",0.10816852879720124,0.65515152375813,0.1690229343386742,0.1115257048092869,0.34889753566796367,0.8172206481929376
"{'learning_rate': 0.1, 'max_iter': 400, 'max_leaf_nodes': 31, 'min_samples_leaf': 20, 'l2_regularization': 1.0, 'class_weight': 'balanced'}",0.10797683352350426,0.6441365370596533,0.16776625824693686,0.11069651741293532,0.3463035019455253,0.8169442332941745
"{'learning_rate': 0.1, 'max_iter': 600, 'max_leaf_nodes': 31, 'min_samples_leaf': 20, 'l2_regularization': 1.0, 'class_weight': 'balanced'}",0.10797683352350426,0.6441365370596533,0.16776625824693686,0.11069651741293532,0.3463035019455253,0.8169442332941745
"{'learning_rate': 0.1, 'max_iter': 400, 'max_leaf_nodes': 31, 'min_samples_leaf': 15, 'l2_regularization': 2.0, 'class_weight': 'balanced'}",0.10770215136025763,0.6426372518390184,0.16651418115279049,0.10885167464114832,0.3540856031128405,0.8111395204201507
"{'learning_rate': 0.1, 'max_iter': 600, 'max_leaf_nodes': 31, 'min_samples_leaf': 15, 'l2_regularization': 2.0, 'class_weight': 'balanced'}",0.10770215136025763,0.6426372518390184,0.16651418115279049,0.10885167464114832,0.3540856031128405,0.8111395204201507
"{'learning_rate': 0.1, 'max_iter': 400, 'max_leaf_nodes': 47, 'min_samples_leaf': 15, 'l2_regularization': 2.0, 'class_weight': 'balanced'}",0.10768326211739729,0.6465014626941974,0.1728314238952537,0.11558669001751314,0.3424124513618677,0.8253748877064474
"{'learning_rate': 0.1, 'max_iter': 600, 'max_leaf_nodes': 47, 'min_samples_leaf': 15, 'l2_regularization': 2.0, 'class_weight': 'balanced'}",0.10768326211739729,0.6465014626941974,0.1728314238952537,0.11558669001751314,0.3424124513618677,0.8253748877064474
"{'learning_rate': 0.1, 'max_iter': 400, 'max_leaf_nodes': 47, 'min_samples_leaf': 15, 'l2_regularization': 1.0, 'class_weight': 'balanced'}",0.10765031233892317,0.6460866066441345,0.17000328191663933,0.11379613356766256,0.3359273670557717,0.8252366802570659
"{'learning_rate': 0.1, 'max_iter': 600, 'max_leaf_nodes': 47, 'min_samples_leaf': 15, 'l2_regularization': 1.0, 'class_weight': 'balanced'}",0.10765031233892317,0.6460866066441345,0.17000328191663933,0.11379613356766256,0.3359273670557717,0.8252366802570659
"{'learning_rate': 0.1, 'max_iter': 400, 'max_leaf_nodes': 31, 'min_samples_leaf': 30, 'l2_regularization': 2.0, 'class_weight': 'balanced'}",0.10749195781698441,0.6470700199759531,0.16671929270603095,0.11018363939899833,0.3424124513618677,0.8176352705410822
"{'learning_rate': 0.1, 'max_iter': 600, 'max_leaf_nodes': 31, 'min_samples_leaf': 30, 'l2_regularization': 2.0, 'class_weight': 'balanced'}",0.10749195781698441,0.6470700199759531,0.16671929270603095,0.11018363939899833,0.3424124513618677,0.8176352705410822
"{'learning_rate': 0.08, 'max_iter': 400, 'max_leaf_nodes': 47, 'min_samples_leaf': 15, 'l2_regularization': 2.0, 'class_weight': 'balanced'}",0.10728009556311331,0.6392239673568312,0.16639477977161501,0.11115954664341761,0.33073929961089493,0.823439983415106
"{'learning_rate': 0.08, 'max_iter': 600, 'max_leaf_nodes': 47, 'min_samples_leaf': 15, 'l2_regularization': 2.0, 'class_weight': 'balanced'}",0.10728009556311331,0.6392239673568312,0.16639477977161501,0.11115954664341761,0.33073929961089493,0.823439983415106
"{'learning_rate': 0.1, 'max_iter': 400, 'max_leaf_nodes': 31, 'min_samples_leaf': 15, 'l2_regularization': 1.0, 'class_weight': 'balanced'}",0.10697703521858375,0.6438777017239912,0.17144638403990026,0.11284366023799754,0.35667963683527887,0.8163222997719577
"{'learning_rate': 0.1, 'max_iter': 600, 'max_leaf_nodes': 31, 'min_samples_leaf': 15, 'l2_regularization': 1.0, 'class_weight': 'balanced'}",0.10697703521858375,0.6438777017239912,0.17144638403990026,0.11284366023799754,0.35667963683527887,0.8163222997719577
"{'learning_rate': 0.1, 'max_iter': 400, 'max_leaf_nodes': 47, 'min_samples_leaf': 20, 'l2_regularization': 2.0, 'class_weight': 'balanced'}",0.10686690067138904,0.6424889469548506,0.16736672051696283,0.11144578313253012,0.3359273670557717,0.8219197014719093
"{'learning_rate': 0.1, 'max_iter': 600, 'max_leaf_nodes': 47, 'min_samples_leaf': 20, 'l2_regularization': 2.0, 'class_weight': 'balanced'}",0.10686690067138904,0.6424889469548506,0.16736672051696283,0.11144578313253012,0.3359273670557717,0.8219197014719093
"{'learning_rate': 0.05, 'max_iter': 600, 'max_leaf_nodes': 31, 'min_samples_leaf': 20, 'l2_regularization': 1.0, 'class_weight': 'balanced'}",0.10683747705663935,0.6455713027918999,0.16803020767778476,0.11092646447860408,0.3463035019455253,0.8172897519176283
"{'learning_rate': 0.05, 'max_iter': 400, 'max_leaf_nodes': 31, 'min_samples_leaf': 20, 'l2_regularization': 1.0, 'class_weight': 'balanced'}",0.10683747705663935,0.6455713027918999,0.16803020767778476,0.11092646447860408,0.3463035019455253,0.8172897519176283
"{'learning_rate': 0.08, 'max_iter': 600, 'max_leaf_nodes': 31, 'min_samples_leaf': 20, 'l2_regularization': 1.0, 'class_weight': 'balanced'}",0.10682724010726455,0.6444020941615307,0.16707317073170733,0.10920685532084495,0.3553826199740597,0.8112086241448414
"{'learning_rate': 0.08, 'max_iter': 400, 'max_leaf_nodes': 31, 'min_samples_leaf': 20, 'l2_regularization': 1.0, 'class_weight': 'balanced'}",0.10682724010726455,0.6444020941615307,0.16707317073170733,0.10920685532084495,0.3553826199740597,0.8112086241448414
"{'learning_rate': 0.08, 'max_iter': 400, 'max_leaf_nodes': 47, 'min_samples_leaf': 30, 'l2_regularization': 2.0, 'class_weight': 'balanced'}",0.10653991666208956,0.64399784146099,0.1683673469387755,0.11162790697674418,0.3424124513618677,0.8197774860064958
"{'learning_rate': 0.08, 'max_iter': 600, 'max_leaf_nodes': 47, 'min_samples_leaf': 30, 'l2_regularization': 2.0, 'class_weight': 'balanced'}",0.10653991666208956,0.64399784146099,0.1683673469387755,0.11162790697674418,0.3424124513618677,0.8197774860064958
"{'learning_rate': 0.1, 'max_iter': 400, 'max_leaf_nodes': 47, 'min_samples_leaf': 30, 'l2_regularization': 1.0, 'class_weight': 'balanced'}",0.10633462179871012,0.647975044259517,0.17012987012987013,0.11346903421394543,0.3398184176394293,0.8233708796904153
"{'learning_rate': 0.1, 'max_iter': 600, 'max_leaf_nodes': 47, 'min_samples_leaf': 30, 'l2_regularization': 1.0, 'class_weight': 'balanced'}",0.10633462179871012,0.647975044259517,0.17012987012987013,0.11346903421394543,0.3398184176394293,0.8233708796904153
"{'learning_rate': 0.05, 'max_iter': 400, 'max_leaf_nodes': 31, 'min_samples_leaf': 30, 'l2_regularization': 2.0, 'class_weight': 'balanced'}",0.10625615323151669,0.6441385251876888,0.1659070191431176,0.10833333333333334,0.3540856031128405,0.8103102757238615
"{'learning_rate': 0.05, 'max_iter': 600, 'max_leaf_nodes': 31, 'min_samples_leaf': 30, 'l2_regularization': 2.0, 'class_weight': 'balanced'}",0.10625615323151669,0.6441385251876888,0.1659070191431176,0.10833333333333334,0.3540856031128405,0.8103102757238615
"{'learning_rate': 0.1, 'max_iter': 600, 'max_leaf_nodes': 47, 'min_samples_leaf': 30, 'l2_regularization': 2.0, 'class_weight': 'balanced'}",0.10605987353426588,0.6458727408711787,0.17105691056910569,0.11414930555555555,0.3411154345006485,0.8238546057632506
"{'learning_rate': 0.1, 'max_iter': 400, 'max_leaf_nodes': 47, 'min_samples_leaf': 30, 'l2_regularization': 2.0, 'class_weight': 'balanced'}",0.10605987353426588,0.6458727408711787,0.17105691056910569,0.11414930555555555,0.3411154345006485,0.8238546057632506
"{'learning_rate': 0.08, 'max_iter': 400, 'max_leaf_nodes': 31, 'min_samples_leaf': 15, 'l2_regularization': 2.0, 'class_weight': 'balanced'}",0.1059603674487529,0.6457877247294725,0.16712749615975422,0.10950080515297907,0.3527885862516213,0.8126598023633473
"{'learning_rate': 0.08, 'max_iter': 600, 'max_leaf_nodes': 31, 'min_samples_leaf': 15, 'l2_regularization': 2.0, 'class_weight': 'balanced'}",0.1059603674487529,0.6457877247294725,0.16712749615975422,0.10950080515297907,0.3527885862516213,0.8126598023633473
"{'learning_rate': 0.1, 'max_iter': 400, 'max_leaf_nodes': 31, 'min_samples_leaf': 30, 'l2_regularization': 1.0, 'class_weight': 'balanced'}",0.10580765576562409,0.6429299326876652,0.16687898089171974,0.11059518784297172,0.3398184176394293,0.8192246562089697
"{'learning_rate': 0.1, 'max_iter': 600, 'max_leaf_nodes': 31, 'min_samples_leaf': 30, 'l2_regularization': 1.0, 'class_weight': 'balanced'}",0.10580765576562409,0.6429299326876652,0.16687898089171974,0.11059518784297172,0.3398184176394293,0.8192246562089697
"{'learning_rate': 0.08, 'max_iter': 400, 'max_leaf_nodes': 47, 'min_samples_leaf': 20, 'l2_regularization': 2.0, 'class_weight': 'balanced'}",0.10566030053659324,0.6416593295274883,0.1688773859592365,0.1125,0.33852140077821014,0.8224725312694354
"{'learning_rate': 0.08, 'max_iter': 600, 'max_leaf_nodes': 47, 'min_samples_leaf': 20, 'l2_regularization': 2.0, 'class_weight': 'balanced'}",0.10566030053659324,0.6416593295274883,0.1688773859592365,0.1125,0.33852140077821014,0.8224725312694354
"{'learning_rate': 0.08, 'max_iter': 600, 'max_leaf_nodes': 31, 'min_samples_leaf': 30, 'l2_regularization': 2.0, 'class_weight': 'balanced'}",0.10561280790222537,0.6513146733316293,0.16983523447401774,0.11236897274633123,0.3476005188067445,0.8189482413102066
"{'learning_rate': 0.08, 'max_iter': 400, 'max_leaf_nodes': 31, 'min_samples_leaf': 30, 'l2_regularization': 2.0, 'class_weight': 'balanced'}",0.10561280790222537,0.6513146733316293,0.16983523447401774,0.11236897274633123,0.3476005188067445,0.8189482413102066
"{'learning_rate': 0.05, 'max_iter': 400, 'max_leaf_nodes': 31, 'min_samples_leaf': 30, 'l2_regularization': 1.0, 'class_weight': 'balanced'}",0.10549997102360914,0.6439910723583933,0.16630468507601615,0.10929853181076672,0.3476005188067445,0.8143182917559256
"{'learning_rate': 0.05, 'max_iter': 600, 'max_leaf_nodes': 31, 'min_samples_leaf': 30, 'l2_regularization': 1.0, 'class_weight': 'balanced'}",0.10549997102360914,0.6439910723583933,0.16630468507601615,0.10929853181076672,0.3476005188067445,0.8143182917559256
"{'learning_rate': 0.05, 'max_iter': 400, 'max_leaf_nodes': 47, 'min_samples_leaf': 20, 'l2_regularization': 2.0, 'class_weight': 'balanced'}",0.10542540504911192,0.6394474897516734,0.1689253072801765,0.1115736885928393,0.3476005188067445,0.8177734779904637
"{'learning_rate': 0.05, 'max_iter': 600, 'max_leaf_nodes': 47, 'min_samples_leaf': 20, 'l2_regularization': 2.0, 'class_weight': 'balanced'}",0.10542540504911192,0.6394474897516734,0.1689253072801765,0.1115736885928393,0.3476005188067445,0.8177734779904637
"{'learning_rate': 0.08, 'max_iter': 400, 'max_leaf_nodes': 31, 'min_samples_leaf': 15, 'l2_regularization': 1.0, 'class_weight': 'balanced'}",0.10533557702694889,0.6468288411107008,0.16865953429830083,0.11134191940174491,0.3476005188067445,0.8174279593670098
"{'learning_rate': 0.08, 'max_iter': 600, 'max_leaf_nodes': 31, 'min_samples_leaf': 15, 'l2_regularization': 1.0, 'class_weight': 'balanced'}",0.10533557702694889,0.6468288411107008,0.16865953429830083,0.11134191940174491,0.3476005188067445,0.8174279593670098
"{'learning_rate': 0.08, 'max_iter': 400, 'max_leaf_nodes': 31, 'min_samples_leaf': 20, 'l2_regularization': 2.0, 'class_weight': 'balanced'}",0.10524614538292447,0.643419627557348,0.1671309192200557,0.10975609756097561,0.35019455252918286,0.8140418768571626
"{'learning_rate': 0.08, 'max_iter': 600, 'max_leaf_nodes': 31, 'min_samples_leaf': 20, 'l2_regularization': 2.0, 'class_weight': 'balanced'}",0.10524614538292447,0.643419627557348,0.1671309192200557,0.10975609756097561,0.35019455252918286,0.8140418768571626
"{'learning_rate': 0.05, 'max_iter': 400, 'max_leaf_nodes': 31, 'min_samples_leaf': 15, 'l2_regularization': 1.0, 'class_weight': 'balanced'}",0.10517157819345982,0.6502882785651397,0.1685897435897436,0.11196253724989357,0.3411154345006485,0.8207449381521664
"{'learning_rate': 0.05, 'max_iter': 600, 'max_leaf_nodes': 31, 'min_samples_leaf': 15, 'l2_regularization': 1.0, 'class_weight': 'balanced'}",0.10517157819345982,0.6502882785651397,0.1685897435897436,0.11196253724989357,0.3411154345006485,0.8207449381521664
"{'learning_rate': 0.05, 'max_iter': 400, 'max_leaf_nodes': 47, 'min_samples_leaf': 30, 'l2_regularization': 2.0, 'class_weight': 'balanced'}",0.10515230251637973,0.6382569324131141,0.16841455891425047,0.11048158640226628,0.3540856031128405,0.8136963582337088
"{'learning_rate': 0.05, 'max_iter': 600, 'max_leaf_nodes': 47, 'min_samples_leaf': 30, 'l2_regularization': 2.0, 'class_weight': 'balanced'}",0.10515230251637973,0.6382569324131141,0.16841455891425047,0.11048158640226628,0.3540856031128405,0.8136963582337088
"{'learning_rate': 0.05, 'max_iter': 400, 'max_leaf_nodes': 47, 'min_samples_leaf': 20, 'l2_regularization': 1.0, 'class_weight': 'balanced'}",0.10513979141242297,0.6432391339335587,0.17217675941080196,0.11514886164623468,0.3411154345006485,0.8252366802570659
"{'learning_rate': 0.05, 'max_iter': 600, 'max_leaf_nodes': 47, 'min_samples_leaf': 20, 'l2_regularization': 1.0, 'class_weight': 'balanced'}",0.10513979141242297,0.6432391339335587,0.17217675941080196,0.11514886164623468,0.3411154345006485,0.8252366802570659
"{'learning_rate': 0.05, 'max_iter': 400, 'max_leaf_nodes': 31, 'min_samples_leaf': 15, 'l2_regularization': 2.0, 'class_weight': 'balanced'}",0.10508695295177961,0.6428057693582133,0.1676353624961762,0.10968775020016013,0.3553826199740597,0.8119687651164398
"{'learning_rate': 0.05, 'max_iter': 600, 'max_leaf_nodes': 31, 'min_samples_leaf': 15, 'l2_regularization': 2.0, 'class_weight': 'balanced'}",0.10508695295177961,0.6428057693582133,0.1676353624961762,0.10968775020016013,0.3553826199740597,0.8119687651164398
"{'learning_rate': 0.08, 'max_iter': 600, 'max_leaf_nodes': 31, 'min_samples_leaf': 30, 'l2_regularization': 1.0, 'class_weight': 'balanced'}",0.10500500431939663,0.643259961941549,0.16728167281672818,0.10963321241434905,0.3527885862516213,0.8128671135374197
"{'learning_rate': 0.08, 'max_iter': 400, 'max_leaf_nodes': 31, 'min_samples_leaf': 30, 'l2_regularization': 1.0, 'class_weight': 'balanced'}",0.10500500431939663,0.643259961941549,0.16728167281672818,0.10963321241434905,0.3527885862516213,0.8128671135374197
"{'learning_rate': 0.08, 'max_iter': 400, 'max_leaf_nodes': 47, 'min_samples_leaf': 20, 'l2_regularization': 1.0, 'class_weight': 'balanced'}",0.1048424125038117,0.6404717543809821,0.1721311475409836,0.11370262390670553,0.3540856031128405,0.818533618962062
"{'learning_rate': 0.08, 'max_iter': 600, 'max_leaf_nodes': 47, 'min_samples_leaf': 20, 'l2_regularization': 1.0, 'class_weight': 'balanced'}",0.1048424125038117,0.6404717543809821,0.1721311475409836,0.11370262390670553,0.3540856031128405,0.818533618962062
"{'learning_rate': 0.08, 'max_iter': 400, 'max_leaf_nodes': 47, 'min_samples_leaf': 30, 'l2_regularization': 1.0, 'class_weight': 'balanced'}",0.10483416117089259,0.6413257973813514,0.16474464579901152,0.11042402826855123,0.324254215304799,0.8248220579089213
"{'learning_rate': 0.08, 'max_iter': 600, 'max_leaf_nodes': 47, 'min_samples_leaf': 30, 'l2_regularization': 1.0, 'class_weight': 'balanced'}",0.10483416117089259,0.6413257973813514,0.16474464579901152,0.11042402826855123,0.324254215304799,0.8248220579089213
"{'learning_rate': 0.1, 'max_iter': 400, 'max_leaf_nodes': 47, 'min_samples_leaf': 20, 'l2_regularization': 1.0, 'class_weight': 'balanced'}",0.10450113060626634,0.6424687343198237,0.1660811242414564,0.11016949152542373,0.33722438391699094,0.8195701748324234
"{'learning_rate': 0.1, 'max_iter': 600, 'max_leaf_nodes': 47, 'min_samples_leaf': 20, 'l2_regularization': 1.0, 'class_weight': 'balanced'}",0.10450113060626634,0.6424687343198237,0.1660811242414564,0.11016949152542373,0.33722438391699094,0.8195701748324234
"{'learning_rate': 0.08, 'max_iter': 600, 'max_leaf_nodes': 47, 'min_samples_leaf': 15, 'l2_regularization': 1.0, 'class_weight': 'balanced'}",0.10449658084514271,0.6413004250807085,0.16781898177247015,0.11074243052675238,0.3463035019455253,0.8170133370188654
"{'learning_rate': 0.08, 'max_iter': 400, 'max_leaf_nodes': 47, 'min_samples_leaf': 15, 'l2_regularization': 1.0, 'class_weight': 'balanced'}",0.10449658084514271,0.6413004250807085,0.16781898177247015,0.11074243052675238,0.3463035019455253,0.8170133370188654
"{'learning_rate': 0.05, 'max_iter': 400, 'max_leaf_nodes': 47, 'min_samples_leaf': 15, 'l2_regularization': 1.0, 'class_weight': 'balanced'}",0.1042426867868418,0.636870402453918,0.1681877444589309,0.11232041793643883,0.3346303501945525,0.8236472945891784
"{'learning_rate': 0.05, 'max_iter': 600, 'max_leaf_nodes': 47, 'min_samples_leaf': 15, 'l2_regularization': 1.0, 'class_weight': 'balanced'}",0.1042426867868418,0.636870402453918,0.1681877444589309,0.11232041793643883,0.3346303501945525,0.8236472945891784
"{'learning_rate': 0.05, 'max_iter': 400, 'max_leaf_nodes': 47, 'min_samples_leaf': 15, 'l2_regularization': 2.0, 'class_weight': 'balanced'}",0.10396385076664864,0.6366025732057145,0.16734565966781573,0.1103305785123967,0.3463035019455253,0.8163914034966485
"{'learning_rate': 0.05, 'max_iter': 600, 'max_leaf_nodes': 47, 'min_samples_leaf': 15, 'l2_regularization': 2.0, 'class_weight': 'balanced'}",0.10396385076664864,0.6366025732057145,0.16734565966781573,0.1103305785123967,0.3463035019455253,0.8163914034966485
"{'learning_rate': 0.05, 'max_iter': 400, 'max_leaf_nodes': 47, 'min_samples_leaf': 30, 'l2_regularization': 1.0, 'class_weight': 'balanced'}",0.10379795594580715,0.6399970651443286,0.16921575008135373,0.11294526498696786,0.33722438391699094,0.8235781908644876
"{'learning_rate': 0.05, 'max_iter': 600, 'max_leaf_nodes': 47, 'min_samples_leaf': 30, 'l2_regularization': 1.0, 'class_weight': 'balanced'}",0.10379795594580715,0.6399970651443286,0.16921575008135373,0.11294526498696786,0.33722438391699094,0.8235781908644876
"{'learning_rate': 0.05, 'max_iter': 400, 'max_leaf_nodes': 31, 'min_samples_leaf': 20, 'l2_regularization': 2.0, 'class_weight': 'balanced'}",0.1037456825373608,0.6427753320647183,0.16706730769230768,0.1087211576065702,0.36057068741893644,0.808444475157211
"{'learning_rate': 0.05, 'max_iter': 600, 'max_leaf_nodes': 31, 'min_samples_leaf': 20, 'l2_regularization': 2.0, 'class_weight': 'balanced'}",0.1037456825373608,0.6427753320647183,0.16706730769230768,0.1087211576065702,0.36057068741893644,0.808444475157211
